"Sale Product Name","Sale Location","Sale Product SKU","Sale Order Currency","Gross Sale Price","Total Return Refund Net","Actual Net Sales","Item Qty."
"Journeyman Backpack","Portland","20282278-fco-000000074","USD","1145.5","0.0","1145.5","3"
"Tin Cloth Short Lined Cruiser Jacket","Portland","20232828-fco-021936243","USD","1050.0","350.0","700.0","4"
"Skagit Rain Jacket ","Portland","20147678-fco-008968862","USD","910.0","0.0","910.0","2"
"CPO Wool Jac-Shirt","Portland","20233072-fco-000000538","USD","850.0","425.0","425.0","2"
"Tin Cloth Cruiser Jacket","Portland","20271278-fco-000000045","USD","807.5","0.0","807.5","2"
"Traveller Outfitter Bag","Portland","20264454-fco-005970331","USD","796.0","0.0","796.0","1"
"Rugged Twill Original Briefcase","Portland","11070256-fco-000971912","USD","792.0","0.0","792.0","2"
"Rail-Splitter Selvedge Jeans","Portland","20195429-fco-013105579","USD","765.0","255.0","510.0","3"
"24 Hour Tin Cloth Briefcase","Portland","20231633-fco-000000073","USD","750.5","0.0","750.5","2"
"Lined Mackinaw Wool Packer Coat","Portland","20266728-fco-022850412","USD","731.25","0.0","731.25","1"
"Cavalry Wool Field Jacket","Portland","20263382-fco-000000089","USD","725.0","0.0","725.0","1"
"Tin Cloth Short Lined Cruiser Jacket","Portland","20232828-fco-021936242","USD","700.0","0.0","700.0","2"
"Surveyor 36l Backpack","Portland","20277988-fco-022852724","USD","675.0","0.0","675.0","3"
"Field Jac-shirt","Portland","20277936-fco-025019478","USD","675.0","0.0","675.0","3"
"Field Cargo Pants","Portland","20233133-fco-011280487","USD","675.0","0.0","675.0","3"
"Mackinaw Wool Insulated Cruiser Jacket","Portland","20263379-fco-022850363","USD","650.0","0.0","650.0","1"
"Rugged Twill Computer Bag","Portland","11070258-fco-000971914","USD","625.0","0.0","625.0","1"
"Granite Mountain 6"" Shorts","Portland","20190979-fco-025021537","USD","593.75","95.0","498.75","8"
"Lightweight Down Jac-Shirt","Portland","20202578-fco-007555401","USD","590.0","0.0","590.0","2"
"Washed Low-profile Logger Cap","Portland","20278008-fco-025022525","USD","551.38","0.0","551.38","11"
"Crewneck Guide Sweater","Portland","11010691-fco-000170252","USD","550.0","0.0","550.0","1"
"Rugged Twill Open Tote Bag","Portland","11070260-fco-000971913","USD","522.5","275.0","247.5","2"
"Filson x Stetson Eagle Ranch Hat","Portland","20167785-fco-003932907","USD","506.25","0.0","506.25","2"
"Mackinaw Wool Jac-shirt","Portland","20263528-fco-022852601","USD","495.0","495.0","0.0","1"
"48 Hour Tin Cloth Duffle Bag","Portland","20231634-fco-000000074","USD","495.0","0.0","495.0","1"
"Mackinaw Wool Jac-shirt","Portland","20263528-fco-023110901","USD","495.0","0.0","495.0","1"
"48 Hour Tin Cloth Duffle Bag","Portland","20282280-fco-000000074","USD","495.0","0.0","495.0","1"
"Lined Denim Short Cruiser Jacket","Portland","20172080-fco-012796317","USD","495.0","0.0","495.0","1"
"48 Hour Tin Cloth Duffle Bag","Portland","20282280-fco-000000092","USD","495.0","0.0","495.0","1"
"Mackinaw Wool Jac-shirt","Portland","20263528-fco-023110903","USD","495.0","0.0","495.0","1"
"Traveller Medium Duffle Bag","Portland","20265079-fco-005970331","USD","476.0","0.0","476.0","1"
"Dry Tin Cloth Cruiser","Portland","20277929-fco-016828494","USD","463.05999999999995","0.0","463.05999999999995","3"
"Field Cargo Pants","Portland","20233133-fco-011280485","USD","450.0","0.0","450.0","2"
"Field Jac-shirt","Portland","20277936-fco-014424336","USD","450.0","0.0","450.0","2"
"Field Jac-shirt","Portland","20277936-fco-014424335","USD","450.0","0.0","450.0","2"
"Henley Guide Sweater","Portland","11010692-fco-000000103","USD","446.25","0.0","446.25","1"
"Rugged Twill Original Briefcase - Tan","Portland","11070256-fco-000971914","USD","445.5","0.0","445.5","1"
"Granite Mountain 6"" Shorts","Portland","20190979-fco-025021538","USD","437.0","0.0","437.0","6"
"Chambray Cpo Shirt","Portland","20189139-fco-012495571","USD","435.0","0.0","435.0","3"
"Dry Roll-Top Tote Bag","Portland","20175828-fco-005164001","USD","430.0","0.0","430.0","4"
"Tin Cloth Cruiser Jacket","Portland","20271278-fco-000000044","USD","425.0","0.0","425.0","1"
"Smokey Bear Prospector Graphic Hoodie","Portland","20289836-fco-025981443","USD","405.0","0.0","405.0","3"
"Wool Jac-shirt","Portland","20288328-fco-025433582","USD","400.0","0.0","400.0","2"
"Journeyman Backpack","Portland","20282278-fco-022852724","USD","395.0","0.0","395.0","1"
"Jac-shirt","Portland","20251028-fco-000000042","USD","395.0","0.0","395.0","1"
"1 1/2"" Bridle Leather Belt","Portland","20241430-fco-000002510","USD","387.5","0.0","387.5","4"
"Washed Low-profile Logger Cap","Portland","20278008-fco-025022524","USD","368.5","55.0","313.5","7"
"Medium Rugged Twill Duffle Bag","Portland","20195531-fco-000971912","USD","357.0","0.0","357.0","1"
"Tin Cloth Short Lined Cruiser Jacket","Portland","20232828-fco-000000356","USD","350.0","0.0","350.0","1"
"Tin Cloth Short Lined Cruiser Jacket","Portland","20232828-fco-000000357","USD","350.0","0.0","350.0","1"
"Tin Cloth Short Lined Cruiser Jacket","Portland","20232828-fco-000000358","USD","350.0","0.0","350.0","1"
"Safari Cloth Pants","Portland","20277942-fco-025021009","USD","350.0","0.0","350.0","2"
"Safari Cloth Pants","Portland","20277942-fco-025021008","USD","350.0","0.0","350.0","2"
"Tin Cloth Short Lined Cruiser Jacket","Portland","20232828-fco-000000046","USD","350.0","0.0","350.0","1"
"Down Cruiser Vest","Portland","20070978-fco-000000055","USD","345.0","345.0","0.0","1"
"Down Cruiser Vest","Portland","20070978-fco-000000052","USD","345.0","0.0","345.0","1"
"Dry Tin Cloth Bibs","Portland","20277940-fco-018498336","USD","337.5","0.0","337.5","2"
"Granite Mountain 6"" Shorts","Portland","20190979-fco-020398437","USD","332.5","0.0","332.5","4"
"Mackinaw Wool Cruiser Jacket","Portland","20266330-fco-000170250","USD","330.0","0.0","330.0","1"
"Lined Tin Cloth Cruiser Jacket","Portland","20204429-fco-010548941","USD","318.75","0.0","318.75","1"
"Swiftwater Rain Jacket","Portland","20248728-fco-000000699","USD","317.28","0.0","317.28","2"
"Dry Tin Cloth 5-pocket Pants","Portland","20155578-fco-007861362","USD","310.0","0.0","310.0","2"
"Granite Mountain Pull On Shorts","Portland","20277944-fco-003942684","USD","308.75","0.0","308.75","4"
"Granite Mountain 6"" Shorts","Portland","20190979-fco-020398440","USD","308.75","0.0","308.75","4"
"Original Lined Goatskin Gloves","Portland","11062022-fco-000000290","USD","300.0","0.0","300.0","2"
"Prospector Hoodie","Portland","20284779-fco-018109083","USD","300.0","0.0","300.0","2"
"Draftsman Canvas Pants","Portland","20187534-fco-012237814","USD","300.0","0.0","300.0","2"
"Wool Roll Neck Fisherman's Sweater","Portland","20263571-fco-000000078","USD","297.5","0.0","297.5","1"
"Mackinaw Wool Cruiser Jacket","Portland","20266330-fco-000000123","USD","297.0","0.0","297.0","1"
"Wool Blanket","Portland","20263626-fco-022857836","USD","297.0","0.0","297.0","1"
"24 Hour Tin Cloth Briefcase","Portland","20282279-fco-005164001","USD","296.25","0.0","296.25","1"
"Jacquard Wool Crewneck Sweater","Portland","20263582-fco-022858040","USD","295.0","0.0","295.0","1"
"Medium Tin Cloth Duffle Bag","Portland","20263595-fco-000000074","USD","295.0","0.0","295.0","1"
"Tin Cloth Primaloft速 Jacket","Portland","20263397-fco-025772203","USD","295.0","0.0","295.0","1"
"Bristol Cardigan Sweater","Portland","20263574-fco-022857984","USD","295.0","0.0","295.0","1"
"Beartooth Jac-shirt","Portland","20277935-fco-022850515","USD","295.0","0.0","295.0","1"
"Jungle Cloth Work Jacket","Portland","20277934-fco-010548942","USD","295.0","0.0","295.0","1"
"Tin Cloth Primaloft速 Jacket","Portland","20263397-fco-025772206","USD","295.0","0.0","295.0","1"
"Bristol Cardigan Sweater","Portland","20263574-fco-022857990","USD","295.0","0.0","295.0","1"
"Cover Cloth Quilted Jac-shirt","Portland","20263392-fco-010548944","USD","295.0","0.0","295.0","1"
"Lined Mackinaw Wool Packer Coat","Portland","20253828-fco-019976434","USD","292.5","0.0","292.5","1"
"Chambray Cpo Shirt","Portland","20189139-fco-012494916","USD","290.0","0.0","290.0","2"
"Granite Mountain 6"" Shorts","Portland","20190979-fco-020400123","USD","285.0","0.0","285.0","4"
"Foul Weather Jacket","Portland","20283278-fco-024833513","USD","276.5","276.5","0.0","1"
"Foul Weather Jacket","Portland","20283278-fco-024833514","USD","276.5","395.0","-118.5","2"
"Foul Weather Jacket","Portland","20232887-fco-000000042","USD","276.5","0.0","276.5","1"
"Foul Weather Jacket","Portland","20232887-fco-000000043","USD","276.5","0.0","276.5","1"
"Surveyor Pullman Pack","Portland","20277995-fco-000000110","USD","275.0","0.0","275.0","1"
"Surveyor Pullman Pack","Portland","20277995-fco-022852724","USD","275.0","0.0","275.0","1"
"Heritage 5-gauge Wool Sweater","Portland","20263568-fco-022857862","USD","275.0","0.0","275.0","1"
"Smokey Bear Prospector Graphic Hoodie","Portland","20289836-fco-025981447","USD","270.0","0.0","270.0","2"
"Dry Tin Cloth Logger Mesh Cap","Portland","20278086-fco-015920256","USD","270.0","90.0","180.0","6"
"Large Dry Bag","Portland","20120730-fco-000002141","USD","270.0","0.0","270.0","4"
"Tin Cloth Apron","Portland","20242079-fco-000000073","USD","267.19","0.0","267.19","3"
"Medium Tin Cloth Duffle Bag","Portland","20263595-fco-000000092","USD","265.5","0.0","265.5","1"
"Logger Mesh Cap","Portland","20272929-fco-001814641","USD","265.5","0.0","265.5","8"
"Rail-Splitter Selvedge Jeans","Portland","20195429-fco-013110896","USD","255.0","0.0","255.0","1"
"Eagle Harbor Shorts","Portland","20277946-fco-000000560","USD","253.75","0.0","253.75","2"
"Oil Tin Low-profile Logger Cap","Portland","20271578-fco-025025671","USD","252.0","0.0","252.0","6"
"Surveyor Crossbody Pack","Portland","20277996-fco-000000110","USD","251.25","0.0","251.25","5"
"Short Sleeve Lightweight Alaskan Guide Shirt ","Portland","20248771-fco-025019604","USD","250.0","0.0","250.0","2"
"Small Tin Cloth Duffle Bag","Portland","20263594-fco-000000092","USD","250.0","0.0","250.0","1"
"Wool Jac-shirt","Portland","20288328-fco-025433583","USD","250.0","0.0","250.0","1"
"Wool Jac-shirt","Portland","20288328-fco-024697104","USD","250.0","0.0","250.0","1"
"Dry Tin Cloth Shorts","Portland","20248742-fco-005988035","USD","250.0","0.0","250.0","2"
"Prospector Embroidered Hoodie","Portland","20285681-fco-025913206","USD","250.0","0.0","250.0","2"
"Small Tin Cloth Duffle Bag","Portland","20263594-fco-000000073","USD","250.0","0.0","250.0","1"
"Prospector Embroidered Hoodie","Portland","20285681-fco-025913208","USD","250.0","0.0","250.0","2"
"Dry Tin Cloth 5-pocket Pants","Portland","20155578-fco-007861364","USD","248.0","0.0","248.0","2"
"Dry Tin Cloth Cruiser","Portland","20277929-fco-016828492","USD","245.0","0.0","245.0","1"
"Safari Cloth Jacket","Portland","20277933-fco-022850510","USD","245.0","0.0","245.0","1"
"Swiftwater Rain Jacket","Portland","20248728-fco-006032373","USD","245.0","0.0","245.0","1"
"Ultralight Hooded Jacket","Portland","20114880-fco-005134876","USD","245.0","0.0","245.0","1"
"Safari Cloth Jacket","Portland","20277933-fco-025018963","USD","245.0","0.0","245.0","1"
"Safari Cloth Jacket","Portland","20277933-fco-022850515","USD","245.0","0.0","245.0","1"
"Swiftwater Rain Jacket","Portland","20248728-fco-006032372","USD","245.0","0.0","245.0","1"
"Backpack Dry Bag","Portland","20115943-fco-000002141","USD","237.25","0.0","237.25","1"
"Foul Weather Jacket","Portland","20232887-fco-000000045","USD","235.02","0.0","235.02","1"
"Waffle Knit Henley","Portland","20288578-fco-007558710","USD","230.0","0.0","230.0","2"
"Field Cargo Pants","Portland","20233133-fco-025020945","USD","225.0","0.0","225.0","1"
"GRANITE SPIRE FLEECE JACKET","Portland","20263407-fco-001599786","USD","225.0","0.0","225.0","1"
"Tin Cloth Primaloft速 Vest","Portland","20248735-fco-025772201","USD","225.0","0.0","225.0","1"
"Tin Cloth Insulated Work Vest","Portland","20172090-fco-000000101","USD","225.0","0.0","225.0","1"
"Oil Finish Double Tin Cloth Pants","Portland","20204456-fco-000000440","USD","225.0","0.0","225.0","1"
"Surveyor 36l Backpack","Portland","20277988-fco-006813334","USD","225.0","0.0","225.0","1"
"Field Jac-shirt","Portland","20277936-fco-025019911","USD","225.0","0.0","225.0","1"
"Mackinaw Wool Vest","Portland","20266328-fco-000000112","USD","225.0","0.0","225.0","1"
"Field Cargo Pants","Portland","20233133-fco-025020941","USD","225.0","0.0","225.0","1"
"Titanium Frame-lock Knife","Portland","20205538-fco-000002349","USD","225.0","0.0","225.0","1"
"Mackinaw Wool Vest","Portland","20266328-fco-000000113","USD","225.0","0.0","225.0","1"
"Field Jac-shirt","Portland","20277936-fco-025019480","USD","225.0","0.0","225.0","1"
"Medium Tin Cloth Duffle Bag","Portland","20263595-fco-022852724","USD","221.25","0.0","221.25","1"
"Smokey Bear Frontier Graphic T-shirt","Portland","20290329-fco-025981469","USD","220.0","0.0","220.0","4"
"Safari Cloth Guide Shirt","Portland","20277949-fco-022850510","USD","216.0","0.0","216.0","2"
"Ultralight Jacket","Portland","20114879-fco-001599737","USD","215.0","0.0","215.0","1"
"Ultralight Jacket","Portland","20114879-fco-001599738","USD","215.0","0.0","215.0","1"
"Eagle Harbor Jac-shirt","Portland","20277937-fco-000000290","USD","206.25","0.0","206.25","1"
"Eagle Harbor Jac-shirt","Portland","20277937-fco-000000329","USD","206.25","0.0","206.25","1"
"Lightweight Alaskan Guide Shirt","Portland","20266730-fco-000001343","USD","202.5","0.0","202.5","2"
"Lined Mackinaw Wool Jac-shirt","Portland","20232893-fco-022851782","USD","202.5","0.0","202.5","1"
"Lightweight Alaskan Guide Shirt","Portland","11010743-fco-002582907","USD","202.5","0.0","202.5","2"
"Leather Card Case","Portland","20219178-fco-000000110","USD","198.0","0.0","198.0","2"
"Rail-Splitter Jeans","Portland","20172097-fco-013110896","USD","195.0","0.0","195.0","2"
"Moleskin Seattle Shirt","Portland","11010394-fco-000000135","USD","195.0","0.0","195.0","2"
"Oil Finish Single Tin Cloth Pants","Portland","20204457-fco-000000447","USD","195.0","0.0","195.0","1"
"Western Tracks Blanket","Portland","20278021-fco-025025441","USD","195.0","0.0","195.0","1"
"Handprinted Camp Shirt","Portland","20277950-fco-025011657","USD","195.0","0.0","195.0","1"
"Rail-Splitter Jeans","Portland","20172097-fco-013111044","USD","195.0","0.0","195.0","2"
"Surveyor Messenger Bag","Portland","20277989-fco-022852724","USD","195.0","0.0","195.0","2"
"Handprinted Camp Shirt","Portland","20277950-fco-025011641","USD","195.0","0.0","195.0","1"
"Oil Finish Single Tin Cloth Pants","Portland","20204457-fco-014059961","USD","195.0","0.0","195.0","1"
"Rail-Splitter Jeans","Portland","20172097-fco-013110907","USD","195.0","0.0","195.0","2"
"Surveyor Messenger Bag","Portland","20277989-fco-000000110","USD","195.0","0.0","195.0","2"
"Dry Messenger Bag","Portland","20233052-fco-000002141","USD","195.0","0.0","195.0","2"
"Rail-Splitter Jeans","Portland","20172097-fco-013111045","USD","195.0","0.0","195.0","2"
"Rail-Splitter Jeans","Portland","20172097-fco-013105570","USD","195.0","0.0","195.0","2"
"Handprinted Camp Shirt","Portland","20277950-fco-025011656","USD","195.0","0.0","195.0","1"
"Tin Cloth Zipper Tote Bag","Portland","20263590-fco-000000074","USD","195.0","0.0","195.0","1"
"Rail-Splitter Jeans","Portland","20172097-fco-013105580","USD","195.0","0.0","195.0","2"
"Rail-Splitter Jeans","Portland","20172097-fco-013110908","USD","195.0","0.0","195.0","1"
"Surveyor Messenger Bag","Portland","20277989-fco-006813334","USD","195.0","0.0","195.0","2"
"Waffle Knit Thermal Crewneck","Portland","20288128-fco-007558710","USD","190.0","0.0","190.0","2"
"Waffle Knit Thermal Crewneck","Portland","20067706-fco-005932646","USD","190.0","0.0","190.0","2"
"Lightweight Alaskan Guide Shirt","Portland","20266730-fco-025018957","USD","189.0","0.0","189.0","2"
"Lightweight Down Jac-Shirt","Portland","20202578-fco-018229734","USD","188.06","0.0","188.06","1"
"Washed Feather Cloth Shirt","Portland","20189133-fco-025019896","USD","187.5","0.0","187.5","2"
"Field Cargo Shorts","Portland","20277945-fco-025022914","USD","185.0","0.0","185.0","1"
"Field Cargo Shorts","Portland","20277945-fco-025022915","USD","185.0","0.0","185.0","1"
"Field Cargo Shorts","Portland","20277945-fco-025022913","USD","185.0","185.0","0.0","2"
"Field Cargo Shorts","Portland","20277945-fco-025022918","USD","185.0","0.0","185.0","1"
"Rail-Splitter Jeans","Portland","20172097-fco-013105564","USD","180.38","97.5","82.88","2"
"Pioneer Pocket T-shirt","Portland","20205128-fco-000000101","USD","180.0","60.0","120.0","3"
"Oil Tin Low-Profile Cap","Portland","20172158-fco-000000093","USD","180.0","0.0","180.0","3"
"Journeyman Backpack","Portland","20231638-fco-005970331","USD","177.75","0.0","177.75","1"
"Safari Cloth Pants","Portland","20277942-fco-022853094","USD","175.0","0.0","175.0","1"
"Medium Dog Bed","Portland","20263634-fco-022857845","USD","175.0","0.0","175.0","1"
"Prospector Hoodie","Portland","20204496-fco-025011229","USD","172.5","0.0","172.5","2"
"Tin Cloth Packer Hat","Portland","20211128-fco-000000046","USD","170.0","0.0","170.0","2"
"Summer Packer Hat","Portland","20238878-fco-000000052","USD","170.0","0.0","170.0","2"
"Skagit Rain Pants ","Portland","20076965-fco-008968862","USD","168.75","0.0","168.75","1"
"Dry Tin Cloth Bibs","Portland","20277940-fco-018498353","USD","168.75","0.0","168.75","1"
"Dry Tin Cloth Shorts","Portland","20248742-fco-005988034","USD","168.75","0.0","168.75","2"
"Granite Mountain Pull On Shorts","Portland","20277944-fco-009101626","USD","166.25","71.25","95.0","2"
"Granite Mountain 6"" Shorts","Portland","20190979-fco-025021536","USD","166.25","0.0","166.25","2"
"Granite Mountain Pull On Shorts","Portland","20277944-fco-009101624","USD","166.25","0.0","166.25","2"
"Logger Cap","Portland","20250287-fco-021941500","USD","165.0","55.0","110.0","3"
"Vintage Flannel Work Shirt","Portland","11010689-fco-025133036","USD","165.0","0.0","165.0","1"
"Vintage Flannel Work Shirt","Portland","11010689-fco-025133031","USD","165.0","0.0","165.0","1"
"Smokey Bear Frontier Graphic T-shirt","Portland","20290329-fco-025981741","USD","165.0","0.0","165.0","3"
"Heritage 5-gauge Wool Sweater","Portland","20263568-fco-022857867","USD","165.0","0.0","165.0","1"
"Smokey Bear Frontier Graphic T-shirt","Portland","20290329-fco-025981468","USD","165.0","0.0","165.0","3"
"Vintage Flannel Work Shirt","Portland","11010689-fco-025133032","USD","165.0","0.0","165.0","1"
"Vintage Flannel Work Shirt","Portland","11010689-fco-025133035","USD","165.0","0.0","165.0","1"
"Oil Tin Cloth Vest","Portland","20232830-fco-000000045","USD","160.0","0.0","160.0","1"
"Granite Mountain 6"" Shorts","Portland","20190979-fco-025021540","USD","155.56","0.0","155.56","2"
"Logger Mesh Cap","Portland","11030237-fco-000000074","USD","155.25","0.0","155.25","5"
"Dry Tin 5 Pocket Pant - Second Config","Portland","20155578-fco-007861397-secondConfig","USD","155.0","0.0","155.0","1"
"Dry Tin Cloth 5-pocket Pants","Portland","20155578-fco-008355879","USD","155.0","0.0","155.0","1"
"Dry Tin Cloth 5-pocket Pants","Portland","20155578-fco-008355875","USD","155.0","0.0","155.0","1"
"Dry Tin Cloth 5-pocket Pants","Portland","20155578-fco-008353687","USD","155.0","0.0","155.0","1"
"Dry Tin Cloth 5-pocket Pants","Portland","20155578-fco-007861360","USD","155.0","0.0","155.0","1"
"Dry Tin Cloth 5-pocket Pants","Portland","20155578-fco-008353694","USD","155.0","0.0","155.0","1"
"Dry Tin Cloth 5-pocket Pants","Portland","20155578-fco-007861377","USD","155.0","0.0","155.0","1"
"Dry Tin Cloth 5-pocket Pants","Portland","20155578-fco-008353688","USD","155.0","0.0","155.0","1"
"Dry Tin Cloth 5-pocket Pants","Portland","20155578-fco-008355877","USD","155.0","0.0","155.0","1"
"Long Sleeve Pioneer Graphic T-shirt","Portland","20277959-fco-025022091","USD","154.0","0.0","154.0","2"
"Rail-Splitter Selvedge Jeans","Portland","20195429-fco-013105580","USD","153.0","0.0","153.0","1"
"Rail-Splitter Selvedge Jeans","Portland","20195429-fco-013110891","USD","153.0","0.0","153.0","1"
"Surveyor 25l Backpack","Portland","20277987-fco-000000110","USD","150.0","0.0","150.0","1"
"Draftsman Canvas Pants","Portland","20187534-fco-012237802","USD","150.0","0.0","150.0","1"
"Draftsman Canvas Pants","Portland","20187534-fco-012237811","USD","150.0","0.0","150.0","1"
"Bridle Leather Bi-Fold Wallet","Portland","20234679-fco-000002547","USD","150.0","0.0","150.0","1"
"Prospector Hoodie","Portland","20284779-fco-018109085","USD","150.0","0.0","150.0","1"
"Draftsman Canvas Pants","Portland","20187534-fco-012237820","USD","150.0","0.0","150.0","1"
"Frontier Henley T-shirt","Portland","20277956-fco-000000101","USD","150.0","0.0","150.0","2"
"Draftsman Canvas Pants","Portland","20187534-fco-012237821","USD","150.0","0.0","150.0","1"
"Draftsman Canvas Pants","Portland","20187534-fco-018129890","USD","150.0","0.0","150.0","1"
"Draftsman Canvas Pants","Portland","20187534-fco-012237599","USD","150.0","0.0","150.0","1"
"Surveyor 25l Backpack","Portland","20277987-fco-006813334","USD","150.0","0.0","150.0","1"
"Frontier Henley T-shirt","Portland","20277956-fco-000000498","USD","150.0","0.0","150.0","2"
"Draftsman Canvas Pants","Portland","20187534-fco-012237815","USD","150.0","0.0","150.0","1"
"Tin Cloth Travel Kit","Portland","20263597-fco-000000073","USD","150.0","0.0","150.0","3"
"Draftsman Canvas Pants","Portland","20187534-fco-012237809","USD","150.0","0.0","150.0","1"
"Draftsman Canvas Pants","Portland","20187534-fco-012237812","USD","150.0","0.0","150.0","1"
"Surveyor 25l Backpack","Portland","20277987-fco-022852724","USD","150.0","0.0","150.0","1"
"Down Liner Jacket","Portland","20263404-fco-000000699","USD","147.5","0.0","147.5","1"
"Pioneer Pocket T-shirt","Portland","20205128-fco-000000137","USD","147.0","0.0","147.0","3"
"Deer Bandana","Portland","20284028-fco-025024830","USD","146.25","0.0","146.25","4"
"Chambray Cpo Shirt","Portland","20189139-fco-012494918","USD","145.0","0.0","145.0","1"
"Anchorage Work Pants","Portland","20228179-fco-018129870","USD","145.0","0.0","145.0","1"
"Chambray Cpo Shirt","Portland","20189139-fco-012495229","USD","145.0","0.0","145.0","1"
"Chambray Cpo Shirt","Portland","20189139-fco-012494917","USD","145.0","0.0","145.0","1"
"Alaskan Guide Shirt","Portland","11012006-fco-022853273","USD","145.0","0.0","145.0","1"
"Anchorage Work Pants","Portland","20228179-fco-018498336","USD","145.0","0.0","145.0","1"
"Anchorage Work Pants","Portland","20228179-fco-020400135","USD","145.0","0.0","145.0","1"
"Alaskan Guide Shirt","Portland","11012006-fco-007524566","USD","145.0","0.0","145.0","1"
"Granite Spire Fleece Vest","Portland","20248736-fco-001599785","USD","145.0","0.0","145.0","1"
"Rugged Twill Outfitter Wallet","Portland","20187879-fco-000000074","USD","145.0","0.0","145.0","1"
"Alaskan Guide Shirt","Portland","11012006-fco-007554625","USD","145.0","0.0","145.0","1"
"Anchorage Work Pants","Portland","20228179-fco-007861378","USD","145.0","0.0","145.0","1"
"Anchorage Work Pants","Portland","20228179-fco-018129884","USD","145.0","0.0","145.0","1"
"Alaskan Guide Shirt","Portland","11012006-fco-000000846","USD","145.0","0.0","145.0","1"
"Prospector Crewneck Sweatshirt","Portland","20238580-fco-000000105","USD","143.0","0.0","143.0","2"
"Granite Mountain Pull On Shorts","Portland","20277944-fco-009101625","USD","142.5","0.0","142.5","2"
"Granite Mountain 6"" Shorts","Portland","20190979-fco-025021883","USD","142.5","0.0","142.5","2"
"Lightweight Alaskan Guide Shirt","Portland","20266730-fco-013953688","USD","135.0","0.0","135.0","1"
"Smokey Bear Prospector Graphic Hoodie","Portland","20289836-fco-025981446","USD","135.0","0.0","135.0","1"
"Husky Jeans","Portland","20233135-fco-021210894","USD","135.0","0.0","135.0","1"
"Skinner Fixed-Blade Knife","Portland","20163733-fco-000000040","USD","135.0","0.0","135.0","1"
"Safari Cloth Guide Shirt","Portland","20277949-fco-022850513","USD","135.0","0.0","135.0","1"
"Lightweight Alaskan Guide Shirt","Portland","20248746-fco-021941755","USD","135.0","135.0","0.0","1"
"Lightweight Alaskan Guide Shirt","Portland","20266730-fco-022857372","USD","135.0","0.0","135.0","1"
"Draftsman Canvas Pants","Portland","20187534-fco-012237818","USD","135.0","0.0","135.0","1"
"Safari Cloth Guide Shirt","Portland","20277949-fco-025019471","USD","135.0","0.0","135.0","1"
"Smokey Bear Prospector Graphic Hoodie","Portland","20289836-fco-025981445","USD","135.0","0.0","135.0","1"
"Husky Jeans","Portland","20233135-fco-021210891","USD","135.0","0.0","135.0","1"
"Smokey Bear Frontier Graphic T-shirt","Portland","20289837-fco-025981764","USD","134.75","0.0","134.75","3"
"Beartooth Jac-shirt","Portland","20277935-fco-022850517","USD","132.75","0.0","132.75","1"
"Wool Roll Neck Fisherman's Sweater","Portland","20263571-fco-000000089","USD","127.5","0.0","127.5","1"
"Prospector Graphic Hoodie","Portland","20285242-fco-025911437","USD","125.0","0.0","125.0","1"
"1 1/2"" Bridle Leather Belt","Portland","20241430-fco-000000204","USD","125.0","0.0","125.0","1"
"Washed Feather Cloth Shirt","Portland","20189133-fco-025020547","USD","125.0","0.0","125.0","1"
"1 1/2"" Bridle Leather Belt","Portland","20241430-fco-000000214","USD","125.0","0.0","125.0","1"
"Short Sleeve Lightweight Alaskan Guide Shirt ","Portland","20248771-fco-025019610","USD","125.0","0.0","125.0","1"
"1 1/4"" Bridle Leather Belt","Portland","20241431-fco-000000293","USD","125.0","0.0","125.0","1"
"Dry Tin Cloth Shorts","Portland","20248742-fco-021941382","USD","125.0","0.0","125.0","1"
"1 1/4"" Bridle Leather Belt","Portland","20241431-fco-000002508","USD","125.0","0.0","125.0","1"
"Short Sleeve Lightweight Alaskan Guide Shirt ","Portland","20248771-fco-025019636","USD","125.0","0.0","125.0","1"
"Short Sleeve Chambray Shirt","Portland","20248774-fco-021942456","USD","125.0","0.0","125.0","1"
"1 1/4"" Bridle Leather Belt","Portland","20241431-fco-000000200","USD","125.0","0.0","125.0","1"
"Short Sleeve Lightweight Alaskan Guide Shirt ","Portland","20248771-fco-025019638","USD","125.0","125.0","0.0","1"
"Washed Feather Cloth Shirt","Portland","20189133-fco-025020543","USD","125.0","0.0","125.0","1"
"Whidbey Check Towel","Portland","20278023-fco-025025450","USD","125.0","0.0","125.0","1"
"Short Sleeve Chambray Shirt","Portland","20248774-fco-021942450","USD","125.0","0.0","125.0","1"
"1 1/4"" Bridle Leather Belt","Portland","20241431-fco-000000220","USD","125.0","125.0","0.0","1"
"Prospector Graphic Crewneck Sweatshirt","Portland","20285249-fco-025915758","USD","125.0","0.0","125.0","1"
"1 1/2"" Bridle Leather Belt","Portland","20241430-fco-000000203","USD","125.0","0.0","125.0","1"
"Trout Towel","Portland","20278022-fco-025025447","USD","125.0","0.0","125.0","1"
"Twin Lakes Sport Shirt","Portland","20277948-fco-013953675","USD","125.0","0.0","125.0","1"
"Dry Tin Cloth Shorts","Portland","20248742-fco-005988033","USD","125.0","0.0","125.0","1"
"Prospector Embroidered Hoodie","Portland","20242828-fco-025915553","USD","125.0","0.0","125.0","1"
"1 1/4"" Bridle Leather Belt","Portland","20241431-fco-000000203","USD","125.0","0.0","125.0","1"
"1 1/2"" Bridle Leather Belt","Portland","20241430-fco-000000206","USD","125.0","0.0","125.0","1"
"Twin Lakes Sport Shirt","Portland","20277948-fco-025010057","USD","125.0","0.0","125.0","1"
"1 1/2"" Bridle Leather Belt","Portland","20241430-fco-000000215","USD","125.0","0.0","125.0","1"
"Twin Lakes Sport Shirt","Portland","20277948-fco-013953673","USD","125.0","0.0","125.0","1"
"Pioneer Pocket T-shirt","Portland","20205128-fco-009095773","USD","120.0","0.0","120.0","2"
"Pioneer Pocket T-shirt","Portland","20205128-fco-000000135","USD","120.0","0.0","120.0","2"
"Oil Tin Logger Cap","Portland","20278003-fco-000000073","USD","120.0","0.0","120.0","2"
"Pioneer Pocket T-shirt","Portland","20205128-fco-000002221","USD","120.0","0.0","120.0","2"
"Pioneer Pocket T-shirt","Portland","20205128-fco-000002222","USD","120.0","60.0","60.0","2"
"Foul Weather Jacket","Portland","20283278-fco-024833511","USD","118.5","0.0","118.5","1"
"1 1/2"" Bridle Leather Double Belt","Portland","20241432-fco-000000293","USD","116.02","0.0","116.02","1"
"Waffle Knit Henley","Portland","20233067-fco-000001922","USD","115.0","0.0","115.0","1"
"Bird & Trout Knife","Portland","20219540-fco-000002314","USD","115.0","0.0","115.0","1"
"Waffle Knit Henley","Portland","20288578-fco-007558708","USD","115.0","0.0","115.0","1"
"Waffle Knit Henley","Portland","20288578-fco-007558722","USD","115.0","0.0","115.0","1"
"Waffle Knit Henley","Portland","20233067-fco-005932645","USD","115.0","0.0","115.0","1"
"Waffle Knit Henley","Portland","20233067-fco-022857704","USD","115.0","0.0","115.0","1"
"Waffle Knit Henley","Portland","20233067-fco-010721033","USD","115.0","0.0","115.0","1"
"Elk Heights Camp Shirt","Portland","20263534-fco-022857613","USD","115.0","0.0","115.0","1"
"Elk Heights Camp Shirt","Portland","20263534-fco-022857602","USD","115.0","0.0","115.0","1"
"Swiftwater Rain Cap","Portland","20263619-fco-022857809","USD","114.0","0.0","114.0","2"
"Granite Mountain 6"" Shorts","Portland","20190979-fco-025021539","USD","114.0","0.0","114.0","2"
"1 1/4"" Bridle Leather Belt","Portland","20241431-fco-000000206","USD","112.5","0.0","112.5","1"
"Smokey Bear Frontier Graphic T-shirt","Portland","20289837-fco-025981767","USD","110.0","0.0","110.0","2"
"Smokey Bear Frontier Graphic T-shirt","Portland","20290329-fco-025981742","USD","110.0","0.0","110.0","2"
"Washed Low-profile Logger Cap","Portland","20278008-fco-025022523","USD","110.0","0.0","110.0","2"
"Surveyor Crossbody Pack","Portland","20277996-fco-006813334","USD","108.75","0.0","108.75","2"
"Eagle Harbor Shorts","Portland","20277946-fco-000000717","USD","108.75","0.0","108.75","1"
"Rugged Twill Outfitter Wallet","Portland","20187879-fco-020463521","USD","108.75","0.0","108.75","1"
"Alaskan Guide Shirt","Portland","11012006-fco-000002204","USD","101.5","0.0","101.5","1"
"Lightweight Alaskan Guide Shirt","Portland","11010743-fco-002582903","USD","101.25","0.0","101.25","1"
"Field Cargo Pants","Portland","20233133-fco-011280489","USD","101.25","0.0","101.25","1"
"Ultralight Vest","Portland","20114890-fco-009352179","USD","98.17","0.0","98.17","1"
"Washed Short Sleeve Feather Cloth Shirt","Portland","20189134-fco-025021399","USD","98.0","98.0","0.0","2"
"Washed Short Sleeve Feather Cloth Shirt","Portland","20189134-fco-025021398","USD","98.0","0.0","98.0","1"
"Washed Short Sleeve Feather Cloth Shirt","Portland","20189134-fco-025021391","USD","98.0","0.0","98.0","1"
"Washed Short Sleeve Feather Cloth Shirt","Portland","20189134-fco-025020599","USD","98.0","0.0","98.0","1"
"Twin Lakes Short Sleeve Sport Shirt","Portland","20277947-fco-025009988","USD","98.0","0.0","98.0","1"
"Washed Short Sleeve Feather Cloth Shirt","Portland","20189134-fco-025021413","USD","98.0","0.0","98.0","1"
"Rail-Splitter Jeans","Portland","20172097-fco-013111043","USD","97.5","0.0","97.5","1"
"Rail-Splitter Jeans","Portland","20172097-fco-013105563","USD","97.5","0.0","97.5","1"
"Rail-Splitter Jeans","Portland","20172097-fco-013105579","USD","97.5","0.0","97.5","1"
"Waffle Knit Thermal Crewneck","Portland","20067706-fco-000000076","USD","95.0","0.0","95.0","1"
"Cooper Lake Trunks ","Portland","20260878-fco-024833513","USD","95.0","0.0","95.0","1"
"Granite Mountain 6"" Shorts","Portland","20190979-fco-020400129","USD","95.0","0.0","95.0","1"
"Cooper Lake Trunks ","Portland","20260878-fco-025021776","USD","95.0","0.0","95.0","1"
"210G Merino Wool Short Sleeve Crewneck","Portland","20067699-fco-000170253","USD","95.0","0.0","95.0","1"
"Waffle Knit Thermal Crewneck","Portland","20288128-fco-007558722","USD","95.0","0.0","95.0","1"
"Waffle Knit Thermal Crewneck","Portland","20067706-fco-010721035","USD","95.0","0.0","95.0","1"
"Waffle Knit Thermal Crewneck","Portland","20067706-fco-005932645","USD","95.0","0.0","95.0","1"
"Waffle Knit Thermal Crewneck","Portland","20067706-fco-010721032","USD","95.0","0.0","95.0","1"
"210G Merino Wool Short Sleeve Crewneck","Portland","20067699-fco-000000134","USD","95.0","0.0","95.0","1"
"Waffle Knit Thermal Crewneck","Portland","20183578-fco-000000111","USD","95.0","0.0","95.0","1"
"210G Merino Wool Short Sleeve Crewneck","Portland","20067699-fco-000170248","USD","95.0","0.0","95.0","1"
"Mackinaw Wool Cap","Portland","20252978-fco-000000116","USD","95.0","0.0","95.0","1"
"Waffle Knit Thermal Crewneck","Portland","20067706-fco-010721033","USD","95.0","0.0","95.0","1"
"210G Merino Wool Short Sleeve Crewneck","Portland","20067699-fco-000001667","USD","95.0","0.0","95.0","1"
"280G Merino Wool Bottoms","Portland","20067980-fco-000001668","USD","94.5","0.0","94.5","1"
"Lightweight Alaskan Guide Shirt","Portland","20266730-fco-025018935","USD","94.5","0.0","94.5","1"
"Lightweight Alaskan Guide Shirt","Portland","20266730-fco-025019770","USD","94.5","0.0","94.5","1"
"Lightweight Alaskan Guide Shirt","Portland","20266730-fco-025019767","USD","94.5","0.0","94.5","1"
"Filson X Runabout Goods Large Tote - Second Config","Portland","20286031-fco-012318806-secondConfig","USD","93.75","0.0","93.75","1"
"Washed Feather Cloth Shirt","Portland","20189133-fco-025019899","USD","93.75","0.0","93.75","1"
"Filson X Runabout Goods Large Tote - Second Config","Portland","20286031-fco-007554698-secondConfig","USD","93.75","0.0","93.75","1"
"Ballard Watch Cap","Portland","20249028-fco-000000110","USD","90.0","0.0","90.0","3"
"Logger Mesh Cap","Portland","11030237-fco-025024824","USD","90.0","0.0","90.0","3"
"Mallards Bandana","Portland","20285071-fco-025922404","USD","90.0","0.0","90.0","2"
"Frontier Graphic T-shirt","Portland","20285228-fco-025898331","USD","90.0","0.0","90.0","2"
"Tab Suspenders","Portland","20241429-fco-000000464","USD","90.0","0.0","90.0","1"
"Frontier Graphic T-shirt","Portland","20277962-fco-025022108","USD","90.0","0.0","90.0","2"
"LONG SLEEVE PIONEER POCKET T-SHIRT","Portland","20263547-fco-009352175","USD","88.0","0.0","88.0","1"
"LONG SLEEVE PIONEER POCKET T-SHIRT","Portland","20263547-fco-000000101","USD","88.0","0.0","88.0","1"
"Tin Cloth Upland Brush Pants","Portland","20233132-fco-007861386","USD","87.5","0.0","87.5","1"
"Tin Cloth Upland Brush Pants","Portland","20233132-fco-007861380","USD","87.5","0.0","87.5","1"
"Prospector Sweatpants","Portland","20264430-fco-018109081","USD","87.0","0.0","87.0","1"
"Alaskan Guide Shirt","Portland","11012006-fco-000000353","USD","87.0","0.0","87.0","1"
"Alaskan Guide Shirt","Portland","11012006-fco-000001195","USD","86.28","0.0","86.28","1"
"Prospector Hoodie","Portland","20204496-fco-025011481","USD","86.25","115.0","-28.75","2"
"Prospector Hoodie","Portland","20204496-fco-025022655","USD","86.25","0.0","86.25","1"
"Frontier Graphic T-shirt","Portland","20285228-fco-025897800","USD","85.5","0.0","85.5","3"
"Tin Cloth Packer Hat","Portland","20211128-fco-000000042","USD","85.0","0.0","85.0","1"
"Tin Cloth Packer Hat","Portland","20211128-fco-000000043","USD","85.0","0.0","85.0","1"
"Howling Wolf Bottle Opener","Portland","20174409-fco-000002317","USD","85.0","0.0","85.0","1"
"Tin Cloth Packer Hat","Portland","20211128-fco-000000045","USD","85.0","0.0","85.0","1"
"Tin Cloth Bush Hat","Portland","20211129-fco-000000045","USD","85.0","0.0","85.0","1"
"Short Sleeve Embroidered Pocket T-Shirt","Portland","20242831-fco-024750491","USD","84.5","0.0","84.5","2"
"Pioneer Pocket T-shirt","Portland","20205128-fco-000170251","USD","83.25","0.0","83.25","2"
"Lightweight Alaskan Guide Shirt","Portland","20266730-fco-025019011","USD","80.33","0.0","80.33","1"
"Lightweight Alaskan Guide Shirt","Portland","20266730-fco-025019012","USD","80.33","0.0","80.33","1"
"Lightweight Alaskan Guide Shirt","Portland","20266730-fco-025018956","USD","80.33","0.0","80.33","1"
"Short Sleeve Embroidered Pocket T-shirt","Portland","20263538-fco-018109083","USD","80.0","0.0","80.0","1"
"Fish Print Stoneware Mug ","Portland","20282029-fco-000002343","USD","80.0","0.0","80.0","2"
"Oil Finish Wax","Portland","20278928-fco-024646251","USD","80.0","0.0","80.0","16"
"Washed Feather Cloth Shirt","Portland","20189133-fco-025019897","USD","79.69","0.0","79.69","1"
"Moleskin Quarter Zip Shirt","Portland","20263532-fco-000000101","USD","79.5","0.0","79.5","1"
"Ballard Watch Cap","Portland","20249028-fco-022853734","USD","78.75","0.0","78.75","5"
"Prospector Crewneck Sweatshirt","Portland","20238580-fco-000000103","USD","77.0","0.0","77.0","1"
"Frontier Henley T-shirt","Portland","20277956-fco-000002368","USD","75.0","0.0","75.0","1"
"Frontier Henley T-shirt","Portland","20277956-fco-000000103","USD","75.0","0.0","75.0","1"
"1 1/4"" Bridle Leather Belt","Portland","20241431-fco-000000207","USD","75.0","0.0","75.0","1"
"Frontier Henley T-shirt","Portland","20277956-fco-000000105","USD","75.0","0.0","75.0","1"
"Sportsman's Shirt","Portland","20172103-fco-010816643","USD","75.0","0.0","75.0","1"
"Skagit Rain Cap","Portland","20177836-fco-011294079","USD","75.0","0.0","75.0","1"
"Frontier Henley T-shirt","Portland","20277956-fco-000002223","USD","75.0","0.0","75.0","1"
"1 1/4"" Bridle Leather Belt","Portland","20241431-fco-000002511","USD","75.0","0.0","75.0","1"
"Frontier Henley T-shirt","Portland","20277956-fco-000002222","USD","75.0","75.0","0.0","2"
"Long Sleeve Barrier T-shirt","Portland","20257229-fco-025143513","USD","75.0","0.0","75.0","1"
"Tin Cloth Bush Hat","Portland","20211129-fco-000000046","USD","75.0","0.0","75.0","1"
"Adjustable Nylon Harness","Portland","20233066-fco-009352179","USD","75.0","0.0","75.0","1"
"Prospector Embroidered Hoodie","Portland","20242828-fco-024662062","USD","74.37","0.0","74.37","1"
"Prospector Hoodie","Portland","20204496-fco-025011230","USD","73.32","0.0","73.32","1"
"Granite Mountain 6"" Shorts","Portland","20190979-fco-025021882","USD","71.25","0.0","71.25","1"
"Granite Mountain Pull On Shorts","Portland","20277944-fco-003942685","USD","71.25","0.0","71.25","1"
"Granite Mountain 6"" Shorts","Portland","20190979-fco-020400135","USD","71.25","0.0","71.25","1"
"Assisted Opening Knife","Portland","20165028-fco-013066901","USD","67.5","0.0","67.5","1"
"Prospector Crewneck Sweatshirt","Portland","20238580-fco-000000101","USD","66.0","0.0","66.0","2"
"Frontier Graphic T-shirt","Portland","20285229-fco-025898356","USD","65.25","0.0","65.25","2"
"Anchorage Work Pants","Portland","20228179-fco-000000156","USD","65.25","0.0","65.25","1"
"Short Sleeve Embroidered Pocket T-Shirt","Portland","20242831-fco-024750513","USD","65.0","0.0","65.0","1"
"Small Dry Bag","Portland","20261028-fco-000002141","USD","65.0","0.0","65.0","2"
"Granite Mountain 9"" Shorts","Portland","20189131-fco-021941238","USD","63.75","0.0","63.75","1"
"Washed Feather Cloth Shirt","Portland","20189133-fco-025020548","USD","63.75","0.0","63.75","1"
"Washed Feather Cloth Shirt","Portland","20189133-fco-025020544","USD","63.75","0.0","63.75","1"
"Short Sleeve Lightweight Alaskan Guide Shirt ","Portland","20248771-fco-025019596","USD","63.75","0.0","63.75","1"
"Everyday Crew Socks","Portland","11064021-fco-000000679","USD","60.0","0.0","60.0","2"
"Everyday Crew Socks","Portland","11064021-fco-000000116","USD","60.0","0.0","60.0","2"
"Lightweight Traditional Crew Socks","Portland","20106078-fco-000002138","USD","60.0","0.0","60.0","2"
"Dry Tin Cloth Low-profile Logger Cap","Portland","20278007-fco-022857809","USD","60.0","0.0","60.0","1"
"Swiftwater Rain Cap","Portland","20263619-fco-001814641","USD","60.0","0.0","60.0","1"
"Pioneer Pocket T-shirt","Portland","20205128-fco-000002368","USD","60.0","0.0","60.0","1"
"Ballard Watch Cap","Portland","20249028-fco-013745821","USD","60.0","0.0","60.0","2"
"Pioneer Pocket T-shirt","Portland","20205128-fco-000000107","USD","60.0","0.0","60.0","1"
"Rail-Splitter Jeans","Portland","20172097-fco-013105562","USD","58.5","0.0","58.5","1"
"Rail-Splitter Jeans","Portland","20172097-fco-013110895","USD","58.5","0.0","58.5","1"
"Waffle Knit Thermal Crewneck","Portland","20183578-fco-000000116","USD","57.0","0.0","57.0","1"
"Prospector Graphic Crewneck Sweatshirt","Portland","20285249-fco-025915757","USD","56.25","0.0","56.25","1"
"Oil Finish Double Tin Cloth Pants","Portland","20204456-fco-000001064","USD","56.25","0.0","56.25","1"
"Smokey Bear Frontier Graphic T-shirt","Portland","20290329-fco-025981467","USD","55.0","0.0","55.0","1"
"Smokey Bear Frontier Graphic T-shirt","Portland","20289837-fco-025981765","USD","55.0","0.0","55.0","1"
"Logger Suspenders","Portland","20204564-fco-014615129","USD","55.0","0.0","55.0","1"
"Smokey Bear Frontier Graphic T-shirt","Portland","20290329-fco-025981470","USD","55.0","0.0","55.0","1"
"Smokey Bear Frontier Graphic T-shirt","Portland","20289837-fco-025981763","USD","55.0","0.0","55.0","1"
"Smokey Bear Frontier Graphic T-shirt","Portland","20289837-fco-025981768","USD","55.0","0.0","55.0","1"
"Bridle Leather Dog Collar","Portland","20241380-fco-000002649","USD","52.5","0.0","52.5","1"
"Skagit Rain Hat","Portland","20158228-fco-008968861","USD","52.5","0.0","52.5","1"
"Watch Cap Beanie","Portland","11030235-fco-011973715","USD","50.0","0.0","50.0","1"
"Bison Dog Toy","Portland","20205503-fco-000002314","USD","50.0","0.0","50.0","2"
"Watch Cap Beanie","Portland","11030235-fco-000000074","USD","50.0","0.0","50.0","1"
"Twin Lakes Short Sleeve Sport Shirt","Portland","20277947-fco-025011634","USD","49.98","0.0","49.98","1"
"Twin Lakes Short Sleeve Sport Shirt","Portland","20277947-fco-025009990","USD","49.98","0.0","49.98","1"
"Small Dry Bag","Portland","20115947-fco-000002141","USD","48.75","0.0","48.75","1"
"Short Sleeve Embroidered Pocket T-Shirt","Portland","20242831-fco-024750502","USD","48.75","0.0","48.75","1"
"Short Sleeve Embroidered Pocket T-Shirt","Portland","20242831-fco-024750496","USD","48.75","0.0","48.75","1"
"Reliable Boot Socks","Portland","20067758-fco-000000124","USD","48.0","0.0","48.0","2"
"Reliable Boot Socks","Portland","20067758-fco-000000118","USD","48.0","0.0","48.0","2"
"Adjustable Nylon Leash","Portland","20218830-fco-012220020","USD","45.5","0.0","45.5","1"
"Lightweight Angler Cap","Portland","20054028-fco-017304230","USD","45.0","0.0","45.0","1"
"Frontier Graphic T-shirt","Portland","20285228-fco-025897799","USD","45.0","0.0","45.0","1"
"Frontier Graphic T-shirt","Portland","20277964-fco-025022249","USD","45.0","0.0","45.0","1"
"Frontier Graphic T-shirt","Portland","20285230-fco-025899213","USD","45.0","0.0","45.0","1"
"Frontier Graphic T-shirt","Portland","20277962-fco-025022106","USD","45.0","0.0","45.0","1"
"Frontier Graphic T-shirt","Portland","20285230-fco-025899212","USD","45.0","0.0","45.0","1"
"Pioneer Pocket T-shirt","Portland","20205128-fco-000170253","USD","45.0","0.0","45.0","1"
"Frontier Graphic T-shirt","Portland","20277963-fco-025022233","USD","45.0","0.0","45.0","1"
"Pioneer Pocket T-shirt","Portland","20205128-fco-025011814","USD","45.0","0.0","45.0","1"
"Pioneer Pocket T-shirt","Portland","20205128-fco-025011812","USD","45.0","0.0","45.0","1"
"Frontier Henley T-shirt","Portland","20277956-fco-000002221","USD","45.0","0.0","45.0","1"
"Pioneer Pocket T-shirt","Portland","20205128-fco-025011813","USD","45.0","0.0","45.0","1"
"Great Outdoors Bandana","Portland","20285070-fco-025921310","USD","45.0","0.0","45.0","1"
"Pioneer Pocket T-shirt","Portland","20205128-fco-025011811","USD","45.0","0.0","45.0","1"
"Lightweight Angler Cap","Portland","20054028-fco-016077249","USD","45.0","0.0","45.0","1"
"Frontier Graphic T-shirt","Portland","20285230-fco-025899211","USD","45.0","0.0","45.0","1"
"Brass Lockback Pocket Knife","Portland","20163679-fco-001304094","USD","40.0","0.0","40.0","1"
"1970's Logger Thermal Socks","Portland","20075578-fco-005146265","USD","40.0","0.0","40.0","1"
"Lures Stoneware Mug","Portland","20282028-fco-000002343","USD","40.0","0.0","40.0","1"
"1970's Logger Thermal Socks","Portland","20075578-fco-004725006","USD","40.0","0.0","40.0","1"
"1970's Logger Thermal Socks","Portland","20075578-fco-004725007","USD","40.0","0.0","40.0","1"
"Short Sleeve Henley","Portland","20174180-fco-000001923","USD","39.0","0.0","39.0","2"
"Dry Tin Cloth Duckbill Cap","Portland","20286328-fco-015920256","USD","38.5","0.0","38.5","1"
"Webbing Dog Collar","Portland","11090127-fco-000002672","USD","37.5","0.0","37.5","1"
"Prospector Embroidered Hoodie","Portland","20242828-fco-024662035","USD","37.5","0.0","37.5","1"
"Sportsman's Shirt","Portland","20172103-fco-010816647","USD","37.5","0.0","37.5","1"
"Short Sleeve Mechanic Shirt","Portland","20248773-fco-021942367","USD","37.5","0.0","37.5","1"
"Short Sleeve Embroidered Pocket T-shirt","Portland","20263538-fco-018109081","USD","36.0","0.0","36.0","1"
"Pioneer Pocket T-shirt","Portland","20205128-fco-025011815","USD","36.0","0.0","36.0","2"
"Oil Tin Low-profile Logger Cap","Portland","20271578-fco-000000074","USD","36.0","0.0","36.0","1"
"X Country Outdoorsman Socks","Portland","20075483-fco-004823703","USD","35.0","0.0","35.0","1"
"X Country Outdoorsman Socks","Portland","20075483-fco-004823701","USD","35.0","0.0","35.0","1"
"X Country Outdoorsman Socks","Portland","20075483-fco-004823702","USD","35.0","0.0","35.0","1"
"Small Dry Bag","Portland","20115947-fco-005164001","USD","32.5","0.0","32.5","1"
"Ballard Watch Cap","Portland","20249028-fco-021941422","USD","30.0","0.0","30.0","1"
"Wool Watch Cap","Portland","11030235-fco-000000074","USD","30.0","0.0","30.0","1"
"Wool Watch Cap","Portland","11030235-fco-000000092","USD","30.0","0.0","30.0","1"
"Wool Watch Cap","Portland","11030235-fco-000002316","USD","30.0","0.0","30.0","1"
"Everyday Crew Socks","Portland","11064021-fco-000000111","USD","30.0","0.0","30.0","1"
"Everyday Crew Socks","Portland","11064021-fco-000000122","USD","30.0","0.0","30.0","1"
"Trout Dog Toy","Portland","20230332-fco-000000092","USD","30.0","0.0","30.0","2"
"Trusty Flask","Portland","20175628-fco-005136886","USD","28.5","0.0","28.5","1"
"Original Boot Oil","Portland","20176628-fco-000000040","USD","27.75","0.0","27.75","2"
"Short Dog Bowl","Portland","20231630-fco-000000073","USD","27.0","0.0","27.0","1"
"Pioneer Pocket T-shirt","Portland","20205128-fco-000000105","USD","27.0","0.0","27.0","1"
"Short Sleeve Snap Front Shirt","Portland","20152680-fco-000268651","USD","26.4","0.0","26.4","1"
"Short Sleeve Snap Front Shirt","Portland","20152680-fco-005145986","USD","26.4","0.0","26.4","1"
"Short Sleeve Snap Front Shirt","Portland","20152680-fco-000268509","USD","26.4","0.0","26.4","1"
"Washed Short Sleeve Feather Cloth Shirt","Portland","20189134-fco-003957073","USD","23.4","0.0","23.4","1"
"Wool Watch Cap","Portland","11030235-fco-000002341","USD","22.5","0.0","22.5","1"
"Adjustable Nylon Harness","Portland","20233066-fco-010759451","USD","22.5","0.0","22.5","1"
"Adjustable Nylon Harness","Portland","20233066-fco-010759448","USD","22.5","0.0","22.5","1"
"The Klondike Quest","Portland","20043528-fco-000000040","USD","22.46","0.0","22.46","1"
"Frontier Graphic T-shirt","Portland","20285229-fco-025898357","USD","20.25","0.0","20.25","1"
"Short Sleeve Embroidered Pocket T-Shirt","Portland","20242831-fco-024750492","USD","19.5","0.0","19.5","1"
"Oil Tin Logger Cap","Portland","20180529-fco-000000093","USD","16.2","0.0","16.2","1"
"Traveller Stowaway Backpack","Portland","20265078-fco-005970331","USD","0.0","0.0","0.0","8"
"Rail-Splitter Selvedge Jeans","Portland","20195429-fco-013110897","USD","0.0","255.0","-255.0","1"
"Tin Cloth Bush Hat","Portland","20211129-fco-000000044","USD","0.0","85.0","-85.0","1"
"Rail-Splitter Jeans","Portland","20172097-fco-013105571","USD","0.0","195.0","-195.0","1"
"Field Cargo Pants","Portland","20233133-fco-025020942","USD","0.0","225.0","-225.0","1"
"Tin Cloth Primaloft速 Vest","Portland","20248735-fco-000000103","USD","0.0","0.0","0.0","1"
"Tin Cloth Travel Kit","Portland","20263597-fco-000000074","USD","0.0","0.0","0.0","2"
"Double Prong Belt","Portland","11063218-fco-000000206","USD","0.0","0.0","0.0","1"
"Prospector Embroidered Hoodie","Portland","20242828-fco-024662039","USD","0.0","125.0","-125.0","1"
"Alaskan Guide Shirt","Portland","11012006-fco-007554624","USD","0.0","145.0","-145.0","1"
